id,kode_provinsi,nama_provinsi,wilayah_pengadilan_agama,faktor_penyebab,jumlah_perceraian,satuan,tahun
1,32,JAWA BARAT,BANDUNG,MABUK,11,KASUS,2017
2,32,JAWA BARAT,BANDUNG,JUDI,1,KASUS,2017
3,32,JAWA BARAT,BANDUNG,MENINGGALKAN SALAH SATU,504,KASUS,2017
4,32,JAWA BARAT,BANDUNG,POLIGAMI,112,KASUS,2017
5,32,JAWA BARAT,BANDUNG,KEKERASAN DALAM RUMAH TANGGA,39,KASUS,2017
6,32,JAWA BARAT,BANDUNG,PERSELISIHAN & PERTENGKARAN TERUS MENERUS,3102,KASUS,2017
7,32,JAWA BARAT,BANDUNG,KAWIN PAKSA,338,KASUS,2017
8,32,JAWA BARAT,BANDUNG,EKONOMI,1313,KASUS,2017
9,32,JAWA BARAT,BEKASI,ZINA,3,KASUS,2017
10,32,JAWA BARAT,BEKASI,MABUK,5,KASUS,2017
11,32,JAWA BARAT,BEKASI,MENINGGALKAN SALAH SATU,124,KASUS,2017
12,32,JAWA BARAT,BEKASI,DIHUKUM PENJARA,2,KASUS,2017
13,32,JAWA BARAT,BEKASI,POLIGAMI,122,KASUS,2017
14,32,JAWA BARAT,BEKASI,KEKERASAN DALAM RUMAH TANGGA,13,KASUS,2017
15,32,JAWA BARAT,BEKASI,PERSELISIHAN & PERTENGKARAN TERUS MENERUS,245,KASUS,2017
16,32,JAWA BARAT,BEKASI,MURTAD,9,KASUS,2017
17,32,JAWA BARAT,BEKASI,EKONOMI,120,KASUS,2017
18,32,JAWA BARAT,BOGOR,MENINGGALKAN SALAH SATU,135,KASUS,2017
19,32,JAWA BARAT,BOGOR,DIHUKUM PENJARA,1,KASUS,2017
20,32,JAWA BARAT,BOGOR,POLIGAMI,1,KASUS,2017
21,32,JAWA BARAT,BOGOR,KEKERASAN DALAM RUMAH TANGGA,5,KASUS,2017
22,32,JAWA BARAT,BOGOR,PERSELISIHAN & PERTENGKARAN TERUS MENERUS,102,KASUS,2017
23,32,JAWA BARAT,BOGOR,EKONOMI,92,KASUS,2017
24,32,JAWA BARAT,BOGOR,LAIN-LAIN,191,KASUS,2017
25,32,JAWA BARAT,CIAMIS,MABUK,1,KASUS,2017
26,32,JAWA BARAT,CIAMIS,MENINGGALKAN SALAH SATU,32,KASUS,2017
27,32,JAWA BARAT,CIAMIS,KEKERASAN DALAM RUMAH TANGGA,1,KASUS,2017
28,32,JAWA BARAT,CIAMIS,PERSELISIHAN & PERTENGKARAN TERUS MENERUS,373,KASUS,2017
29,32,JAWA BARAT,CIAMIS,EKONOMI,3619,KASUS,2017
30,32,JAWA BARAT,CIAMIS,LAIN-LAIN,232,KASUS,2017
31,32,JAWA BARAT,CIANJUR,MENINGGALKAN SALAH SATU,386,KASUS,2017
32,32,JAWA BARAT,CIANJUR,PERSELISIHAN & PERTENGKARAN TERUS MENERUS,215,KASUS,2017
33,32,JAWA BARAT,CIANJUR,EKONOMI,620,KASUS,2017
34,32,JAWA BARAT,CIANJUR,LAIN-LAIN,47,KASUS,2017
35,32,JAWA BARAT,CIBADAK,MADAT,1,KASUS,2017
36,32,JAWA BARAT,CIBADAK,MENINGGALKAN SALAH SATU,169,KASUS,2017
37,32,JAWA BARAT,CIBADAK,DIHUKUM PENJARA,1,KASUS,2017
38,32,JAWA BARAT,CIBADAK,POLIGAMI,1,KASUS,2017
39,32,JAWA BARAT,CIBADAK,KEKERASAN DALAM RUMAH TANGGA,3,KASUS,2017
40,32,JAWA BARAT,CIBADAK,CACAT BADAN,1,KASUS,2017
41,32,JAWA BARAT,CIBADAK,PERSELISIHAN & PERTENGKARAN TERUS MENERUS,566,KASUS,2017
42,32,JAWA BARAT,CIBADAK,MURTAD,10,KASUS,2017
43,32,JAWA BARAT,CIBADAK,EKONOMI,277,KASUS,2017
44,32,JAWA BARAT,CIBINONG,ZINA,5,KASUS,2017
45,32,JAWA BARAT,CIBINONG,MABUK,20,KASUS,2017
46,32,JAWA BARAT,CIBINONG,MADAT,3,KASUS,2017
47,32,JAWA BARAT,CIBINONG,JUDI,8,KASUS,2017
48,32,JAWA BARAT,CIBINONG,MENINGGALKAN SALAH SATU,509,KASUS,2017
49,32,JAWA BARAT,CIBINONG,KEKERASAN DALAM RUMAH TANGGA,10,KASUS,2017
50,32,JAWA BARAT,CIBINONG,PERSELISIHAN & PERTENGKARAN TERUS MENERUS,940,KASUS,2017
51,32,JAWA BARAT,CIBINONG,EKONOMI,763,KASUS,2017
52,32,JAWA BARAT,CIBINONG,LAIN-LAIN,1583,KASUS,2017
53,32,JAWA BARAT,CIKARANG,MENINGGALKAN SALAH SATU,642,KASUS,2017
54,32,JAWA BARAT,CIKARANG,DIHUKUM PENJARA,11,KASUS,2017
55,32,JAWA BARAT,CIKARANG,KEKERASAN DALAM RUMAH TANGGA,154,KASUS,2017
56,32,JAWA BARAT,CIKARANG,PERSELISIHAN & PERTENGKARAN TERUS MENERUS,772,KASUS,2017
57,32,JAWA BARAT,CIKARANG,EKONOMI,242,KASUS,2017
58,32,JAWA BARAT,CIMAHI,MABUK,30,KASUS,2017
59,32,JAWA BARAT,CIMAHI,JUDI,26,KASUS,2017
60,32,JAWA BARAT,CIMAHI,MENINGGALKAN SALAH SATU,1563,KASUS,2017
61,32,JAWA BARAT,CIMAHI,POLIGAMI,50,KASUS,2017
62,32,JAWA BARAT,CIMAHI,KEKERASAN DALAM RUMAH TANGGA,48,KASUS,2017
63,32,JAWA BARAT,CIMAHI,PERSELISIHAN & PERTENGKARAN TERUS MENERUS,3969,KASUS,2017
64,32,JAWA BARAT,CIMAHI,EKONOMI,3216,KASUS,2017
65,32,JAWA BARAT,CIMAHI,LAIN-LAIN,342,KASUS,2017
66,32,JAWA BARAT,CIREBON,ZINA,121,KASUS,2017
67,32,JAWA BARAT,CIREBON,MABUK,56,KASUS,2017
68,32,JAWA BARAT,CIREBON,MADAT,68,KASUS,2017
69,32,JAWA BARAT,CIREBON,JUDI,49,KASUS,2017
70,32,JAWA BARAT,CIREBON,MENINGGALKAN SALAH SATU,100,KASUS,2017
71,32,JAWA BARAT,CIREBON,DIHUKUM PENJARA,2,KASUS,2017
72,32,JAWA BARAT,CIREBON,POLIGAMI,32,KASUS,2017
73,32,JAWA BARAT,CIREBON,KEKERASAN DALAM RUMAH TANGGA,60,KASUS,2017
74,32,JAWA BARAT,CIREBON,CACAT BADAN,2,KASUS,2017
75,32,JAWA BARAT,CIREBON,PERSELISIHAN & PERTENGKARAN TERUS MENERUS,147,KASUS,2017
76,32,JAWA BARAT,CIREBON,KAWIN PAKSA,2,KASUS,2017
77,32,JAWA BARAT,CIREBON,MURTAD,2,KASUS,2017
78,32,JAWA BARAT,CIREBON,EKONOMI,91,KASUS,2017
79,32,JAWA BARAT,CIREBON,LAIN-LAIN,40,KASUS,2017
80,32,JAWA BARAT,DEPOK,ZINA,29,KASUS,2017
81,32,JAWA BARAT,DEPOK,MABUK,30,KASUS,2017
82,32,JAWA BARAT,DEPOK,MADAT,10,KASUS,2017
83,32,JAWA BARAT,DEPOK,JUDI,28,KASUS,2017
84,32,JAWA BARAT,DEPOK,MENINGGALKAN SALAH SATU,575,KASUS,2017
85,32,JAWA BARAT,DEPOK,DIHUKUM PENJARA,46,KASUS,2017
86,32,JAWA BARAT,DEPOK,POLIGAMI,26,KASUS,2017
87,32,JAWA BARAT,DEPOK,KEKERASAN DALAM RUMAH TANGGA,196,KASUS,2017
88,32,JAWA BARAT,DEPOK,CACAT BADAN,2,KASUS,2017
89,32,JAWA BARAT,DEPOK,PERSELISIHAN & PERTENGKARAN TERUS MENERUS,1414,KASUS,2017
90,32,JAWA BARAT,DEPOK,MURTAD,16,KASUS,2017
91,32,JAWA BARAT,DEPOK,EKONOMI,894,KASUS,2017
92,32,JAWA BARAT,GARUT,MENINGGALKAN SALAH SATU,351,KASUS,2017
93,32,JAWA BARAT,GARUT,DIHUKUM PENJARA,9,KASUS,2017
94,32,JAWA BARAT,GARUT,PERSELISIHAN & PERTENGKARAN TERUS MENERUS,375,KASUS,2017
95,32,JAWA BARAT,GARUT,EKONOMI,2040,KASUS,2017
96,32,JAWA BARAT,GARUT,LAIN-LAIN,465,KASUS,2017
97,32,JAWA BARAT,INDRAMAYU,MENINGGALKAN SALAH SATU,279,KASUS,2017
98,32,JAWA BARAT,INDRAMAYU,DIHUKUM PENJARA,1,KASUS,2017
99,32,JAWA BARAT,INDRAMAYU,POLIGAMI,103,KASUS,2017
100,32,JAWA BARAT,INDRAMAYU,KEKERASAN DALAM RUMAH TANGGA,17,KASUS,2017
101,32,JAWA BARAT,INDRAMAYU,CACAT BADAN,2,KASUS,2017
102,32,JAWA BARAT,INDRAMAYU,PERSELISIHAN & PERTENGKARAN TERUS MENERUS,527,KASUS,2017
103,32,JAWA BARAT,INDRAMAYU,KAWIN PAKSA,34,KASUS,2017
104,32,JAWA BARAT,INDRAMAYU,EKONOMI,5302,KASUS,2017
105,32,JAWA BARAT,KARAWANG,MENINGGALKAN SALAH SATU,413,KASUS,2017
106,32,JAWA BARAT,KARAWANG,PERSELISIHAN & PERTENGKARAN TERUS MENERUS,1077,KASUS,2017
107,32,JAWA BARAT,KARAWANG,EKONOMI,635,KASUS,2017
108,32,JAWA BARAT,KARAWANG,LAIN-LAIN,443,KASUS,2017
109,32,JAWA BARAT,KOTA BANJAR,MENINGGALKAN SALAH SATU,59,KASUS,2017
110,32,JAWA BARAT,KOTA BANJAR,POLIGAMI,4,KASUS,2017
111,32,JAWA BARAT,KOTA BANJAR,KEKERASAN DALAM RUMAH TANGGA,9,KASUS,2017
112,32,JAWA BARAT,KOTA BANJAR,PERSELISIHAN & PERTENGKARAN TERUS MENERUS,267,KASUS,2017
113,32,JAWA BARAT,KOTA BANJAR,KAWIN PAKSA,1,KASUS,2017
114,32,JAWA BARAT,KOTA BANJAR,MURTAD,36,KASUS,2017
115,32,JAWA BARAT,KOTA BANJAR,EKONOMI,295,KASUS,2017
116,32,JAWA BARAT,KOTA BANJAR,LAIN-LAIN,27,KASUS,2017
117,32,JAWA BARAT,KOTA TASIKMALAYA,MADAT,1,KASUS,2017
118,32,JAWA BARAT,KOTA TASIKMALAYA,JUDI,1,KASUS,2017
119,32,JAWA BARAT,KOTA TASIKMALAYA,MENINGGALKAN SALAH SATU,58,KASUS,2017
120,32,JAWA BARAT,KOTA TASIKMALAYA,DIHUKUM PENJARA,2,KASUS,2017
121,32,JAWA BARAT,KOTA TASIKMALAYA,POLIGAMI,15,KASUS,2017
122,32,JAWA BARAT,KOTA TASIKMALAYA,KEKERASAN DALAM RUMAH TANGGA,13,KASUS,2017
123,32,JAWA BARAT,KOTA TASIKMALAYA,PERSELISIHAN & PERTENGKARAN TERUS MENERUS,592,KASUS,2017
124,32,JAWA BARAT,KOTA TASIKMALAYA,KAWIN PAKSA,1,KASUS,2017
125,32,JAWA BARAT,KOTA TASIKMALAYA,MURTAD,2,KASUS,2017
126,32,JAWA BARAT,KOTA TASIKMALAYA,EKONOMI,1032,KASUS,2017
127,32,JAWA BARAT,KUNINGAN,ZINA,33,KASUS,2017
128,32,JAWA BARAT,KUNINGAN,MABUK,3,KASUS,2017
129,32,JAWA BARAT,KUNINGAN,MENINGGALKAN SALAH SATU,179,KASUS,2017
130,32,JAWA BARAT,KUNINGAN,KEKERASAN DALAM RUMAH TANGGA,50,KASUS,2017
131,32,JAWA BARAT,KUNINGAN,CACAT BADAN,1,KASUS,2017
132,32,JAWA BARAT,KUNINGAN,PERSELISIHAN & PERTENGKARAN TERUS MENERUS,482,KASUS,2017
133,32,JAWA BARAT,KUNINGAN,MURTAD,1,KASUS,2017
134,32,JAWA BARAT,KUNINGAN,EKONOMI,1719,KASUS,2017
135,32,JAWA BARAT,MAJALENGKA,MABUK,5,KASUS,2017
136,32,JAWA BARAT,MAJALENGKA,JUDI,4,KASUS,2017
137,32,JAWA BARAT,MAJALENGKA,MENINGGALKAN SALAH SATU,295,KASUS,2017
138,32,JAWA BARAT,MAJALENGKA,DIHUKUM PENJARA,1,KASUS,2017
139,32,JAWA BARAT,MAJALENGKA,POLIGAMI,38,KASUS,2017
140,32,JAWA BARAT,MAJALENGKA,KEKERASAN DALAM RUMAH TANGGA,14,KASUS,2017
141,32,JAWA BARAT,MAJALENGKA,CACAT BADAN,2,KASUS,2017
142,32,JAWA BARAT,MAJALENGKA,PERSELISIHAN & PERTENGKARAN TERUS MENERUS,424,KASUS,2017
143,32,JAWA BARAT,MAJALENGKA,EKONOMI,1844,KASUS,2017
144,32,JAWA BARAT,MAJALENGKA,LAIN-LAIN,1538,KASUS,2017
145,32,JAWA BARAT,PURWAKARTA,MABUK,4,KASUS,2017
146,32,JAWA BARAT,PURWAKARTA,MADAT,1,KASUS,2017
147,32,JAWA BARAT,PURWAKARTA,JUDI,1,KASUS,2017
148,32,JAWA BARAT,PURWAKARTA,MENINGGALKAN SALAH SATU,328,KASUS,2017
149,32,JAWA BARAT,PURWAKARTA,DIHUKUM PENJARA,1,KASUS,2017
150,32,JAWA BARAT,PURWAKARTA,POLIGAMI,3,KASUS,2017
151,32,JAWA BARAT,PURWAKARTA,KEKERASAN DALAM RUMAH TANGGA,34,KASUS,2017
152,32,JAWA BARAT,PURWAKARTA,PERSELISIHAN & PERTENGKARAN TERUS MENERUS,477,KASUS,2017
153,32,JAWA BARAT,PURWAKARTA,MURTAD,35,KASUS,2017
154,32,JAWA BARAT,PURWAKARTA,EKONOMI,407,KASUS,2017
155,32,JAWA BARAT,SUBANG,MENINGGALKAN SALAH SATU,511,KASUS,2017
156,32,JAWA BARAT,SUBANG,PERSELISIHAN & PERTENGKARAN TERUS MENERUS,696,KASUS,2017
157,32,JAWA BARAT,SUBANG,EKONOMI,957,KASUS,2017
158,32,JAWA BARAT,SUBANG,LAIN-LAIN,1161,KASUS,2017
159,32,JAWA BARAT,SUKABUMI,ZINA,1,KASUS,2017
160,32,JAWA BARAT,SUKABUMI,MABUK,3,KASUS,2017
161,32,JAWA BARAT,SUKABUMI,MENINGGALKAN SALAH SATU,124,KASUS,2017
162,32,JAWA BARAT,SUKABUMI,POLIGAMI,1,KASUS,2017
163,32,JAWA BARAT,SUKABUMI,KEKERASAN DALAM RUMAH TANGGA,10,KASUS,2017
164,32,JAWA BARAT,SUKABUMI,PERSELISIHAN & PERTENGKARAN TERUS MENERUS,315,KASUS,2017
165,32,JAWA BARAT,SUKABUMI,EKONOMI,56,KASUS,2017
166,32,JAWA BARAT,SUMBER,MENINGGALKAN SALAH SATU,2288,KASUS,2017
167,32,JAWA BARAT,SUMBER,PERSELISIHAN & PERTENGKARAN TERUS MENERUS,1753,KASUS,2017
168,32,JAWA BARAT,SUMBER,EKONOMI,2807,KASUS,2017
169,32,JAWA BARAT,SUMEDANG,MABUK,52,KASUS,2017
170,32,JAWA BARAT,SUMEDANG,JUDI,35,KASUS,2017
171,32,JAWA BARAT,SUMEDANG,MENINGGALKAN SALAH SATU,270,KASUS,2017
172,32,JAWA BARAT,SUMEDANG,DIHUKUM PENJARA,1,KASUS,2017
173,32,JAWA BARAT,SUMEDANG,POLIGAMI,51,KASUS,2017
174,32,JAWA BARAT,SUMEDANG,KEKERASAN DALAM RUMAH TANGGA,5,KASUS,2017
175,32,JAWA BARAT,SUMEDANG,PERSELISIHAN & PERTENGKARAN TERUS MENERUS,962,KASUS,2017
176,32,JAWA BARAT,SUMEDANG,EKONOMI,2407,KASUS,2017
177,32,JAWA BARAT,TASIKMALAYA,MENINGGALKAN SALAH SATU,180,KASUS,2017
178,32,JAWA BARAT,TASIKMALAYA,KEKERASAN DALAM RUMAH TANGGA,1,KASUS,2017
179,32,JAWA BARAT,TASIKMALAYA,CACAT BADAN,2,KASUS,2017
180,32,JAWA BARAT,TASIKMALAYA,PERSELISIHAN & PERTENGKARAN TERUS MENERUS,21,KASUS,2017
181,32,JAWA BARAT,TASIKMALAYA,EKONOMI,3083,KASUS,2017
182,32,JAWA BARAT,TASIKMALAYA,LAIN-LAIN,158,KASUS,2017
183,32,JAWA BARAT,BANDUNG,ZINA,0,KASUS,2023
184,32,JAWA BARAT,BANDUNG,MABUK,14,KASUS,2023
185,32,JAWA BARAT,BANDUNG,MADAT,2,KASUS,2023
186,32,JAWA BARAT,BANDUNG,JUDI,16,KASUS,2023
187,32,JAWA BARAT,BANDUNG,MENINGGALKAN SALAH SATU,249,KASUS,2023
188,32,JAWA BARAT,BANDUNG,DIHUKUM PENJARA,56,KASUS,2023
189,32,JAWA BARAT,BANDUNG,POLIGAMI,11,KASUS,2023
190,32,JAWA BARAT,BANDUNG,KEKERASAN DALAM RUMAH TANGGA,45,KASUS,2023
191,32,JAWA BARAT,BANDUNG,CACAT BADAN,5,KASUS,2023
192,32,JAWA BARAT,BANDUNG,PERSELISIHAN & PERTENGKARAN TERUS MENERUS,3069,KASUS,2023
193,32,JAWA BARAT,BANDUNG,KAWIN PAKSA,1,KASUS,2023
194,32,JAWA BARAT,BANDUNG,MURTAD,18,KASUS,2023
195,32,JAWA BARAT,BANDUNG,EKONOMI,1589,KASUS,2023
196,32,JAWA BARAT,BEKASI,ZINA,2,KASUS,2023
197,32,JAWA BARAT,BEKASI,MABUK,5,KASUS,2023
198,32,JAWA BARAT,BEKASI,MADAT,0,KASUS,2023
199,32,JAWA BARAT,BEKASI,JUDI,8,KASUS,2023
200,32,JAWA BARAT,BEKASI,MENINGGALKAN SALAH SATU,273,KASUS,2023
201,32,JAWA BARAT,BEKASI,DIHUKUM PENJARA,6,KASUS,2023
202,32,JAWA BARAT,BEKASI,POLIGAMI,3,KASUS,2023
203,32,JAWA BARAT,BEKASI,KEKERASAN DALAM RUMAH TANGGA,24,KASUS,2023
204,32,JAWA BARAT,BEKASI,CACAT BADAN,0,KASUS,2023
205,32,JAWA BARAT,BEKASI,PERSELISIHAN & PERTENGKARAN TERUS MENERUS,2131,KASUS,2023
206,32,JAWA BARAT,BEKASI,KAWIN PAKSA,0,KASUS,2023
207,32,JAWA BARAT,BEKASI,MURTAD,20,KASUS,2023
208,32,JAWA BARAT,BEKASI,EKONOMI,859,KASUS,2023
209,32,JAWA BARAT,BOGOR,ZINA,1,KASUS,2023
210,32,JAWA BARAT,BOGOR,MABUK,6,KASUS,2023
211,32,JAWA BARAT,BOGOR,MADAT,1,KASUS,2023
212,32,JAWA BARAT,BOGOR,JUDI,6,KASUS,2023
213,32,JAWA BARAT,BOGOR,MENINGGALKAN SALAH SATU,56,KASUS,2023
214,32,JAWA BARAT,BOGOR,DIHUKUM PENJARA,3,KASUS,2023
215,32,JAWA BARAT,BOGOR,POLIGAMI,8,KASUS,2023
216,32,JAWA BARAT,BOGOR,KEKERASAN DALAM RUMAH TANGGA,9,KASUS,2023
217,32,JAWA BARAT,BOGOR,CACAT BADAN,0,KASUS,2023
218,32,JAWA BARAT,BOGOR,PERSELISIHAN & PERTENGKARAN TERUS MENERUS,900,KASUS,2023
219,32,JAWA BARAT,BOGOR,KAWIN PAKSA,2,KASUS,2023
220,32,JAWA BARAT,BOGOR,MURTAD,1,KASUS,2023
221,32,JAWA BARAT,BOGOR,EKONOMI,289,KASUS,2023
222,32,JAWA BARAT,CIAMIS,ZINA,1,KASUS,2023
223,32,JAWA BARAT,CIAMIS,MABUK,9,KASUS,2023
224,32,JAWA BARAT,CIAMIS,MADAT,1,KASUS,2023
225,32,JAWA BARAT,CIAMIS,JUDI,21,KASUS,2023
226,32,JAWA BARAT,CIAMIS,MENINGGALKAN SALAH SATU,203,KASUS,2023
227,32,JAWA BARAT,CIAMIS,DIHUKUM PENJARA,8,KASUS,2023
228,32,JAWA BARAT,CIAMIS,POLIGAMI,8,KASUS,2023
229,32,JAWA BARAT,CIAMIS,KEKERASAN DALAM RUMAH TANGGA,18,KASUS,2023
230,32,JAWA BARAT,CIAMIS,CACAT BADAN,2,KASUS,2023
231,32,JAWA BARAT,CIAMIS,PERSELISIHAN & PERTENGKARAN TERUS MENERUS,728,KASUS,2023
232,32,JAWA BARAT,CIAMIS,KAWIN PAKSA,4,KASUS,2023
233,32,JAWA BARAT,CIAMIS,MURTAD,2,KASUS,2023
234,32,JAWA BARAT,CIAMIS,EKONOMI,3344,KASUS,2023
235,32,JAWA BARAT,CIANJUR,ZINA,0,KASUS,2023
236,32,JAWA BARAT,CIANJUR,MABUK,1,KASUS,2023
237,32,JAWA BARAT,CIANJUR,MADAT,0,KASUS,2023
238,32,JAWA BARAT,CIANJUR,JUDI,1,KASUS,2023
239,32,JAWA BARAT,CIANJUR,MENINGGALKAN SALAH SATU,21,KASUS,2023
240,32,JAWA BARAT,CIANJUR,DIHUKUM PENJARA,6,KASUS,2023
241,32,JAWA BARAT,CIANJUR,POLIGAMI,10,KASUS,2023
242,32,JAWA BARAT,CIANJUR,KEKERASAN DALAM RUMAH TANGGA,4,KASUS,2023
243,32,JAWA BARAT,CIANJUR,CACAT BADAN,0,KASUS,2023
244,32,JAWA BARAT,CIANJUR,PERSELISIHAN & PERTENGKARAN TERUS MENERUS,2410,KASUS,2023
245,32,JAWA BARAT,CIANJUR,KAWIN PAKSA,0,KASUS,2023
246,32,JAWA BARAT,CIANJUR,MURTAD,48,KASUS,2023
247,32,JAWA BARAT,CIANJUR,EKONOMI,996,KASUS,2023
248,32,JAWA BARAT,CIBADAK,ZINA,2,KASUS,2023
249,32,JAWA BARAT,CIBADAK,MABUK,2,KASUS,2023
250,32,JAWA BARAT,CIBADAK,MADAT,2,KASUS,2023
251,32,JAWA BARAT,CIBADAK,JUDI,1,KASUS,2023
252,32,JAWA BARAT,CIBADAK,MENINGGALKAN SALAH SATU,22,KASUS,2023
253,32,JAWA BARAT,CIBADAK,DIHUKUM PENJARA,0,KASUS,2023
254,32,JAWA BARAT,CIBADAK,POLIGAMI,9,KASUS,2023
255,32,JAWA BARAT,CIBADAK,KEKERASAN DALAM RUMAH TANGGA,10,KASUS,2023
256,32,JAWA BARAT,CIBADAK,CACAT BADAN,0,KASUS,2023
257,32,JAWA BARAT,CIBADAK,PERSELISIHAN & PERTENGKARAN TERUS MENERUS,2519,KASUS,2023
258,32,JAWA BARAT,CIBADAK,KAWIN PAKSA,0,KASUS,2023
259,32,JAWA BARAT,CIBADAK,MURTAD,8,KASUS,2023
260,32,JAWA BARAT,CIBADAK,EKONOMI,37,KASUS,2023
261,32,JAWA BARAT,CIBINONG,ZINA,1,KASUS,2023
262,32,JAWA BARAT,CIBINONG,MABUK,12,KASUS,2023
263,32,JAWA BARAT,CIBINONG,MADAT,2,KASUS,2023
264,32,JAWA BARAT,CIBINONG,JUDI,19,KASUS,2023
265,32,JAWA BARAT,CIBINONG,MENINGGALKAN SALAH SATU,356,KASUS,2023
266,32,JAWA BARAT,CIBINONG,DIHUKUM PENJARA,8,KASUS,2023
267,32,JAWA BARAT,CIBINONG,POLIGAMI,6,KASUS,2023
268,32,JAWA BARAT,CIBINONG,KEKERASAN DALAM RUMAH TANGGA,36,KASUS,2023
269,32,JAWA BARAT,CIBINONG,CACAT BADAN,1,KASUS,2023
270,32,JAWA BARAT,CIBINONG,PERSELISIHAN & PERTENGKARAN TERUS MENERUS,3435,KASUS,2023
271,32,JAWA BARAT,CIBINONG,KAWIN PAKSA,1,KASUS,2023
272,32,JAWA BARAT,CIBINONG,MURTAD,22,KASUS,2023
273,32,JAWA BARAT,CIBINONG,EKONOMI,1995,KASUS,2023
274,32,JAWA BARAT,CIKARANG,ZINA,0,KASUS,2023
275,32,JAWA BARAT,CIKARANG,MABUK,0,KASUS,2023
276,32,JAWA BARAT,CIKARANG,MADAT,2,KASUS,2023
277,32,JAWA BARAT,CIKARANG,JUDI,1,KASUS,2023
278,32,JAWA BARAT,CIKARANG,MENINGGALKAN SALAH SATU,5,KASUS,2023
279,32,JAWA BARAT,CIKARANG,DIHUKUM PENJARA,0,KASUS,2023
280,32,JAWA BARAT,CIKARANG,POLIGAMI,6,KASUS,2023
281,32,JAWA BARAT,CIKARANG,KEKERASAN DALAM RUMAH TANGGA,0,KASUS,2023
282,32,JAWA BARAT,CIKARANG,CACAT BADAN,0,KASUS,2023
283,32,JAWA BARAT,CIKARANG,PERSELISIHAN & PERTENGKARAN TERUS MENERUS,2864,KASUS,2023
284,32,JAWA BARAT,CIKARANG,KAWIN PAKSA,0,KASUS,2023
285,32,JAWA BARAT,CIKARANG,MURTAD,26,KASUS,2023
286,32,JAWA BARAT,CIKARANG,EKONOMI,13,KASUS,2023
287,32,JAWA BARAT,CIMAHI,ZINA,5,KASUS,2023
288,32,JAWA BARAT,CIMAHI,MABUK,3,KASUS,2023
289,32,JAWA BARAT,CIMAHI,MADAT,1,KASUS,2023
290,32,JAWA BARAT,CIMAHI,JUDI,1,KASUS,2023
291,32,JAWA BARAT,CIMAHI,MENINGGALKAN SALAH SATU,35,KASUS,2023
292,32,JAWA BARAT,CIMAHI,DIHUKUM PENJARA,2,KASUS,2023
293,32,JAWA BARAT,CIMAHI,POLIGAMI,3,KASUS,2023
294,32,JAWA BARAT,CIMAHI,KEKERASAN DALAM RUMAH TANGGA,30,KASUS,2023
295,32,JAWA BARAT,CIMAHI,CACAT BADAN,0,KASUS,2023
296,32,JAWA BARAT,CIMAHI,PERSELISIHAN & PERTENGKARAN TERUS MENERUS,595,KASUS,2023
297,32,JAWA BARAT,CIMAHI,KAWIN PAKSA,0,KASUS,2023
298,32,JAWA BARAT,CIMAHI,MURTAD,1,KASUS,2023
299,32,JAWA BARAT,CIMAHI,EKONOMI,308,KASUS,2023
300,32,JAWA BARAT,CIREBON,ZINA,0,KASUS,2023
301,32,JAWA BARAT,CIREBON,MABUK,5,KASUS,2023
302,32,JAWA BARAT,CIREBON,MADAT,0,KASUS,2023
303,32,JAWA BARAT,CIREBON,JUDI,0,KASUS,2023
304,32,JAWA BARAT,CIREBON,MENINGGALKAN SALAH SATU,134,KASUS,2023
305,32,JAWA BARAT,CIREBON,DIHUKUM PENJARA,5,KASUS,2023
306,32,JAWA BARAT,CIREBON,POLIGAMI,0,KASUS,2023
307,32,JAWA BARAT,CIREBON,KEKERASAN DALAM RUMAH TANGGA,4,KASUS,2023
308,32,JAWA BARAT,CIREBON,CACAT BADAN,2,KASUS,2023
309,32,JAWA BARAT,CIREBON,PERSELISIHAN & PERTENGKARAN TERUS MENERUS,412,KASUS,2023
310,32,JAWA BARAT,CIREBON,KAWIN PAKSA,0,KASUS,2023
311,32,JAWA BARAT,CIREBON,MURTAD,3,KASUS,2023
312,32,JAWA BARAT,CIREBON,EKONOMI,164,KASUS,2023
313,32,JAWA BARAT,DEPOK,ZINA,1,KASUS,2023
314,32,JAWA BARAT,DEPOK,MABUK,12,KASUS,2023
315,32,JAWA BARAT,DEPOK,MADAT,1,KASUS,2023
316,32,JAWA BARAT,DEPOK,JUDI,12,KASUS,2023
317,32,JAWA BARAT,DEPOK,MENINGGALKAN SALAH SATU,241,KASUS,2023
318,32,JAWA BARAT,DEPOK,DIHUKUM PENJARA,11,KASUS,2023
319,32,JAWA BARAT,DEPOK,POLIGAMI,9,KASUS,2023
320,32,JAWA BARAT,DEPOK,KEKERASAN DALAM RUMAH TANGGA,36,KASUS,2023
321,32,JAWA BARAT,DEPOK,CACAT BADAN,0,KASUS,2023
322,32,JAWA BARAT,DEPOK,PERSELISIHAN & PERTENGKARAN TERUS MENERUS,1945,KASUS,2023
323,32,JAWA BARAT,DEPOK,KAWIN PAKSA,0,KASUS,2023
324,32,JAWA BARAT,DEPOK,MURTAD,25,KASUS,2023
325,32,JAWA BARAT,DEPOK,EKONOMI,418,KASUS,2023
326,32,JAWA BARAT,GARUT,ZINA,0,KASUS,2023
327,32,JAWA BARAT,GARUT,MABUK,12,KASUS,2023
328,32,JAWA BARAT,GARUT,MADAT,0,KASUS,2023
329,32,JAWA BARAT,GARUT,JUDI,21,KASUS,2023
330,32,JAWA BARAT,GARUT,MENINGGALKAN SALAH SATU,114,KASUS,2023
331,32,JAWA BARAT,GARUT,DIHUKUM PENJARA,14,KASUS,2023
332,32,JAWA BARAT,GARUT,POLIGAMI,2,KASUS,2023
333,32,JAWA BARAT,GARUT,KEKERASAN DALAM RUMAH TANGGA,48,KASUS,2023
334,32,JAWA BARAT,GARUT,CACAT BADAN,0,KASUS,2023
335,32,JAWA BARAT,GARUT,PERSELISIHAN & PERTENGKARAN TERUS MENERUS,1379,KASUS,2023
336,32,JAWA BARAT,GARUT,KAWIN PAKSA,0,KASUS,2023
337,32,JAWA BARAT,GARUT,MURTAD,1,KASUS,2023
338,32,JAWA BARAT,GARUT,EKONOMI,3598,KASUS,2023
339,32,JAWA BARAT,INDRAMAYU,ZINA,1,KASUS,2023
340,32,JAWA BARAT,INDRAMAYU,MABUK,2,KASUS,2023
341,32,JAWA BARAT,INDRAMAYU,MADAT,0,KASUS,2023
342,32,JAWA BARAT,INDRAMAYU,JUDI,14,KASUS,2023
343,32,JAWA BARAT,INDRAMAYU,MENINGGALKAN SALAH SATU,179,KASUS,2023
344,32,JAWA BARAT,INDRAMAYU,DIHUKUM PENJARA,9,KASUS,2023
345,32,JAWA BARAT,INDRAMAYU,POLIGAMI,4,KASUS,2023
346,32,JAWA BARAT,INDRAMAYU,KEKERASAN DALAM RUMAH TANGGA,5,KASUS,2023
347,32,JAWA BARAT,INDRAMAYU,CACAT BADAN,1,KASUS,2023
348,32,JAWA BARAT,INDRAMAYU,PERSELISIHAN & PERTENGKARAN TERUS MENERUS,2557,KASUS,2023
349,32,JAWA BARAT,INDRAMAYU,KAWIN PAKSA,1,KASUS,2023
350,32,JAWA BARAT,INDRAMAYU,MURTAD,14,KASUS,2023
351,32,JAWA BARAT,INDRAMAYU,EKONOMI,4712,KASUS,2023
352,32,JAWA BARAT,KARAWANG,ZINA,1,KASUS,2023
353,32,JAWA BARAT,KARAWANG,MABUK,0,KASUS,2023
354,32,JAWA BARAT,KARAWANG,MADAT,1,KASUS,2023
355,32,JAWA BARAT,KARAWANG,JUDI,16,KASUS,2023
356,32,JAWA BARAT,KARAWANG,MENINGGALKAN SALAH SATU,116,KASUS,2023
357,32,JAWA BARAT,KARAWANG,DIHUKUM PENJARA,11,KASUS,2023
358,32,JAWA BARAT,KARAWANG,POLIGAMI,9,KASUS,2023
359,32,JAWA BARAT,KARAWANG,KEKERASAN DALAM RUMAH TANGGA,10,KASUS,2023
360,32,JAWA BARAT,KARAWANG,CACAT BADAN,1,KASUS,2023
361,32,JAWA BARAT,KARAWANG,PERSELISIHAN & PERTENGKARAN TERUS MENERUS,2081,KASUS,2023
362,32,JAWA BARAT,KARAWANG,KAWIN PAKSA,1,KASUS,2023
363,32,JAWA BARAT,KARAWANG,MURTAD,7,KASUS,2023
364,32,JAWA BARAT,KARAWANG,EKONOMI,1351,KASUS,2023
365,32,JAWA BARAT,KOTA BANJAR,ZINA,0,KASUS,2023
366,32,JAWA BARAT,KOTA BANJAR,MABUK,4,KASUS,2023
367,32,JAWA BARAT,KOTA BANJAR,MADAT,0,KASUS,2023
368,32,JAWA BARAT,KOTA BANJAR,JUDI,6,KASUS,2023
369,32,JAWA BARAT,KOTA BANJAR,MENINGGALKAN SALAH SATU,7,KASUS,2023
370,32,JAWA BARAT,KOTA BANJAR,DIHUKUM PENJARA,0,KASUS,2023
371,32,JAWA BARAT,KOTA BANJAR,POLIGAMI,0,KASUS,2023
372,32,JAWA BARAT,KOTA BANJAR,KEKERASAN DALAM RUMAH TANGGA,12,KASUS,2023
373,32,JAWA BARAT,KOTA BANJAR,CACAT BADAN,0,KASUS,2023
374,32,JAWA BARAT,KOTA BANJAR,PERSELISIHAN & PERTENGKARAN TERUS MENERUS,499,KASUS,2023
375,32,JAWA BARAT,KOTA BANJAR,KAWIN PAKSA,0,KASUS,2023
376,32,JAWA BARAT,KOTA BANJAR,MURTAD,4,KASUS,2023
377,32,JAWA BARAT,KOTA BANJAR,EKONOMI,122,KASUS,2023
378,32,JAWA BARAT,KOTA TASIKMALAYA,ZINA,1,KASUS,2023
379,32,JAWA BARAT,KOTA TASIKMALAYA,MABUK,1,KASUS,2023
380,32,JAWA BARAT,KOTA TASIKMALAYA,MADAT,0,KASUS,2023
381,32,JAWA BARAT,KOTA TASIKMALAYA,JUDI,1,KASUS,2023
382,32,JAWA BARAT,KOTA TASIKMALAYA,MENINGGALKAN SALAH SATU,123,KASUS,2023
383,32,JAWA BARAT,KOTA TASIKMALAYA,DIHUKUM PENJARA,2,KASUS,2023
384,32,JAWA BARAT,KOTA TASIKMALAYA,POLIGAMI,1,KASUS,2023
385,32,JAWA BARAT,KOTA TASIKMALAYA,KEKERASAN DALAM RUMAH TANGGA,2,KASUS,2023
386,32,JAWA BARAT,KOTA TASIKMALAYA,CACAT BADAN,0,KASUS,2023
387,32,JAWA BARAT,KOTA TASIKMALAYA,PERSELISIHAN & PERTENGKARAN TERUS MENERUS,1443,KASUS,2023
388,32,JAWA BARAT,KOTA TASIKMALAYA,KAWIN PAKSA,0,KASUS,2023
389,32,JAWA BARAT,KOTA TASIKMALAYA,MURTAD,24,KASUS,2023
390,32,JAWA BARAT,KOTA TASIKMALAYA,EKONOMI,185,KASUS,2023
391,32,JAWA BARAT,KUNINGAN,ZINA,3,KASUS,2023
392,32,JAWA BARAT,KUNINGAN,MABUK,1,KASUS,2023
393,32,JAWA BARAT,KUNINGAN,MADAT,1,KASUS,2023
394,32,JAWA BARAT,KUNINGAN,JUDI,0,KASUS,2023
395,32,JAWA BARAT,KUNINGAN,MENINGGALKAN SALAH SATU,78,KASUS,2023
396,32,JAWA BARAT,KUNINGAN,DIHUKUM PENJARA,4,KASUS,2023
397,32,JAWA BARAT,KUNINGAN,POLIGAMI,1,KASUS,2023
398,32,JAWA BARAT,KUNINGAN,KEKERASAN DALAM RUMAH TANGGA,1,KASUS,2023
399,32,JAWA BARAT,KUNINGAN,CACAT BADAN,1,KASUS,2023
400,32,JAWA BARAT,KUNINGAN,PERSELISIHAN & PERTENGKARAN TERUS MENERUS,872,KASUS,2023
401,32,JAWA BARAT,KUNINGAN,KAWIN PAKSA,0,KASUS,2023
402,32,JAWA BARAT,KUNINGAN,MURTAD,7,KASUS,2023
403,32,JAWA BARAT,KUNINGAN,EKONOMI,1490,KASUS,2023
404,32,JAWA BARAT,MAJALENGKA,ZINA,0,KASUS,2023
405,32,JAWA BARAT,MAJALENGKA,MABUK,3,KASUS,2023
406,32,JAWA BARAT,MAJALENGKA,MADAT,0,KASUS,2023
407,32,JAWA BARAT,MAJALENGKA,JUDI,10,KASUS,2023
408,32,JAWA BARAT,MAJALENGKA,MENINGGALKAN SALAH SATU,92,KASUS,2023
409,32,JAWA BARAT,MAJALENGKA,DIHUKUM PENJARA,2,KASUS,2023
410,32,JAWA BARAT,MAJALENGKA,POLIGAMI,0,KASUS,2023
411,32,JAWA BARAT,MAJALENGKA,KEKERASAN DALAM RUMAH TANGGA,2,KASUS,2023
412,32,JAWA BARAT,MAJALENGKA,CACAT BADAN,0,KASUS,2023
413,32,JAWA BARAT,MAJALENGKA,PERSELISIHAN & PERTENGKARAN TERUS MENERUS,608,KASUS,2023
414,32,JAWA BARAT,MAJALENGKA,KAWIN PAKSA,2,KASUS,2023
415,32,JAWA BARAT,MAJALENGKA,MURTAD,3,KASUS,2023
416,32,JAWA BARAT,MAJALENGKA,EKONOMI,2870,KASUS,2023
417,32,JAWA BARAT,NGAMPRAH,ZINA,2,KASUS,2023
418,32,JAWA BARAT,NGAMPRAH,MABUK,12,KASUS,2023
419,32,JAWA BARAT,NGAMPRAH,MADAT,0,KASUS,2023
420,32,JAWA BARAT,NGAMPRAH,JUDI,21,KASUS,2023
421,32,JAWA BARAT,NGAMPRAH,MENINGGALKAN SALAH SATU,121,KASUS,2023
422,32,JAWA BARAT,NGAMPRAH,DIHUKUM PENJARA,2,KASUS,2023
423,32,JAWA BARAT,NGAMPRAH,POLIGAMI,12,KASUS,2023
424,32,JAWA BARAT,NGAMPRAH,KEKERASAN DALAM RUMAH TANGGA,78,KASUS,2023
425,32,JAWA BARAT,NGAMPRAH,CACAT BADAN,1,KASUS,2023
426,32,JAWA BARAT,NGAMPRAH,PERSELISIHAN & PERTENGKARAN TERUS MENERUS,1857,KASUS,2023
427,32,JAWA BARAT,NGAMPRAH,KAWIN PAKSA,2,KASUS,2023
428,32,JAWA BARAT,NGAMPRAH,MURTAD,4,KASUS,2023
429,32,JAWA BARAT,NGAMPRAH,EKONOMI,848,KASUS,2023
430,32,JAWA BARAT,PURWAKARTA,ZINA,0,KASUS,2023
431,32,JAWA BARAT,PURWAKARTA,MABUK,0,KASUS,2023
432,32,JAWA BARAT,PURWAKARTA,MADAT,2,KASUS,2023
433,32,JAWA BARAT,PURWAKARTA,JUDI,0,KASUS,2023
434,32,JAWA BARAT,PURWAKARTA,MENINGGALKAN SALAH SATU,141,KASUS,2023
435,32,JAWA BARAT,PURWAKARTA,DIHUKUM PENJARA,2,KASUS,2023
436,32,JAWA BARAT,PURWAKARTA,POLIGAMI,0,KASUS,2023
437,32,JAWA BARAT,PURWAKARTA,KEKERASAN DALAM RUMAH TANGGA,0,KASUS,2023
438,32,JAWA BARAT,PURWAKARTA,CACAT BADAN,0,KASUS,2023
439,32,JAWA BARAT,PURWAKARTA,PERSELISIHAN & PERTENGKARAN TERUS MENERUS,449,KASUS,2023
440,32,JAWA BARAT,PURWAKARTA,KAWIN PAKSA,1,KASUS,2023
441,32,JAWA BARAT,PURWAKARTA,MURTAD,2,KASUS,2023
442,32,JAWA BARAT,PURWAKARTA,EKONOMI,977,KASUS,2023
443,32,JAWA BARAT,SOREANG,ZINA,0,KASUS,2023
444,32,JAWA BARAT,SOREANG,MABUK,1,KASUS,2023
445,32,JAWA BARAT,SOREANG,MADAT,0,KASUS,2023
446,32,JAWA BARAT,SOREANG,JUDI,0,KASUS,2023
447,32,JAWA BARAT,SOREANG,MENINGGALKAN SALAH SATU,17,KASUS,2023
448,32,JAWA BARAT,SOREANG,DIHUKUM PENJARA,0,KASUS,2023
449,32,JAWA BARAT,SOREANG,POLIGAMI,1,KASUS,2023
450,32,JAWA BARAT,SOREANG,KEKERASAN DALAM RUMAH TANGGA,2,KASUS,2023
451,32,JAWA BARAT,SOREANG,CACAT BADAN,1,KASUS,2023
452,32,JAWA BARAT,SOREANG,PERSELISIHAN & PERTENGKARAN TERUS MENERUS,6518,KASUS,2023
453,32,JAWA BARAT,SOREANG,KAWIN PAKSA,0,KASUS,2023
454,32,JAWA BARAT,SOREANG,MURTAD,12,KASUS,2023
455,32,JAWA BARAT,SOREANG,EKONOMI,26,KASUS,2023
456,32,JAWA BARAT,SUBANG,ZINA,4,KASUS,2023
457,32,JAWA BARAT,SUBANG,MABUK,7,KASUS,2023
458,32,JAWA BARAT,SUBANG,MADAT,4,KASUS,2023
459,32,JAWA BARAT,SUBANG,JUDI,12,KASUS,2023
460,32,JAWA BARAT,SUBANG,MENINGGALKAN SALAH SATU,151,KASUS,2023
461,32,JAWA BARAT,SUBANG,DIHUKUM PENJARA,37,KASUS,2023
462,32,JAWA BARAT,SUBANG,POLIGAMI,20,KASUS,2023
463,32,JAWA BARAT,SUBANG,KEKERASAN DALAM RUMAH TANGGA,11,KASUS,2023
464,32,JAWA BARAT,SUBANG,CACAT BADAN,1,KASUS,2023
465,32,JAWA BARAT,SUBANG,PERSELISIHAN & PERTENGKARAN TERUS MENERUS,1418,KASUS,2023
466,32,JAWA BARAT,SUBANG,KAWIN PAKSA,5,KASUS,2023
467,32,JAWA BARAT,SUBANG,MURTAD,14,KASUS,2023
468,32,JAWA BARAT,SUBANG,EKONOMI,1521,KASUS,2023
469,32,JAWA BARAT,SUKABUMI,ZINA,0,KASUS,2023
470,32,JAWA BARAT,SUKABUMI,MABUK,5,KASUS,2023
471,32,JAWA BARAT,SUKABUMI,MADAT,0,KASUS,2023
472,32,JAWA BARAT,SUKABUMI,JUDI,4,KASUS,2023
473,32,JAWA BARAT,SUKABUMI,MENINGGALKAN SALAH SATU,33,KASUS,2023
474,32,JAWA BARAT,SUKABUMI,DIHUKUM PENJARA,2,KASUS,2023
475,32,JAWA BARAT,SUKABUMI,POLIGAMI,0,KASUS,2023
476,32,JAWA BARAT,SUKABUMI,KEKERASAN DALAM RUMAH TANGGA,5,KASUS,2023
477,32,JAWA BARAT,SUKABUMI,CACAT BADAN,0,KASUS,2023
478,32,JAWA BARAT,SUKABUMI,PERSELISIHAN & PERTENGKARAN TERUS MENERUS,590,KASUS,2023
479,32,JAWA BARAT,SUKABUMI,KAWIN PAKSA,1,KASUS,2023
480,32,JAWA BARAT,SUKABUMI,MURTAD,1,KASUS,2023
481,32,JAWA BARAT,SUKABUMI,EKONOMI,52,KASUS,2023
482,32,JAWA BARAT,SUMBER,ZINA,1,KASUS,2023
483,32,JAWA BARAT,SUMBER,MABUK,2,KASUS,2023
484,32,JAWA BARAT,SUMBER,MADAT,1,KASUS,2023
485,32,JAWA BARAT,SUMBER,JUDI,8,KASUS,2023
486,32,JAWA BARAT,SUMBER,MENINGGALKAN SALAH SATU,295,KASUS,2023
487,32,JAWA BARAT,SUMBER,DIHUKUM PENJARA,16,KASUS,2023
488,32,JAWA BARAT,SUMBER,POLIGAMI,6,KASUS,2023
489,32,JAWA BARAT,SUMBER,KEKERASAN DALAM RUMAH TANGGA,13,KASUS,2023
490,32,JAWA BARAT,SUMBER,CACAT BADAN,1,KASUS,2023
491,32,JAWA BARAT,SUMBER,PERSELISIHAN & PERTENGKARAN TERUS MENERUS,1259,KASUS,2023
492,32,JAWA BARAT,SUMBER,KAWIN PAKSA,1,KASUS,2023
493,32,JAWA BARAT,SUMBER,MURTAD,13,KASUS,2023
494,32,JAWA BARAT,SUMBER,EKONOMI,4575,KASUS,2023
495,32,JAWA BARAT,SUMEDANG,ZINA,0,KASUS,2023
496,32,JAWA BARAT,SUMEDANG,MABUK,1,KASUS,2023
497,32,JAWA BARAT,SUMEDANG,MADAT,0,KASUS,2023
498,32,JAWA BARAT,SUMEDANG,JUDI,1,KASUS,2023
499,32,JAWA BARAT,SUMEDANG,MENINGGALKAN SALAH SATU,85,KASUS,2023
500,32,JAWA BARAT,SUMEDANG,DIHUKUM PENJARA,5,KASUS,2023
501,32,JAWA BARAT,SUMEDANG,POLIGAMI,1,KASUS,2023
502,32,JAWA BARAT,SUMEDANG,KEKERASAN DALAM RUMAH TANGGA,5,KASUS,2023
503,32,JAWA BARAT,SUMEDANG,CACAT BADAN,1,KASUS,2023
504,32,JAWA BARAT,SUMEDANG,PERSELISIHAN & PERTENGKARAN TERUS MENERUS,1615,KASUS,2023
505,32,JAWA BARAT,SUMEDANG,KAWIN PAKSA,0,KASUS,2023
506,32,JAWA BARAT,SUMEDANG,MURTAD,3,KASUS,2023
507,32,JAWA BARAT,SUMEDANG,EKONOMI,1842,KASUS,2023
508,32,JAWA BARAT,TASIKMALAYA,ZINA,0,KASUS,2023
509,32,JAWA BARAT,TASIKMALAYA,MABUK,1,KASUS,2023
510,32,JAWA BARAT,TASIKMALAYA,MADAT,0,KASUS,2023
511,32,JAWA BARAT,TASIKMALAYA,JUDI,8,KASUS,2023
512,32,JAWA BARAT,TASIKMALAYA,MENINGGALKAN SALAH SATU,50,KASUS,2023
513,32,JAWA BARAT,TASIKMALAYA,DIHUKUM PENJARA,1,KASUS,2023
514,32,JAWA BARAT,TASIKMALAYA,POLIGAMI,2,KASUS,2023
515,32,JAWA BARAT,TASIKMALAYA,KEKERASAN DALAM RUMAH TANGGA,5,KASUS,2023
516,32,JAWA BARAT,TASIKMALAYA,CACAT BADAN,1,KASUS,2023
517,32,JAWA BARAT,TASIKMALAYA,PERSELISIHAN & PERTENGKARAN TERUS MENERUS,1830,KASUS,2023
518,32,JAWA BARAT,TASIKMALAYA,KAWIN PAKSA,1,KASUS,2023
519,32,JAWA BARAT,TASIKMALAYA,MURTAD,0,KASUS,2023
520,32,JAWA BARAT,TASIKMALAYA,EKONOMI,2026,KASUS,2023
